"Id","CarMarkId","Title"
1758,2,
1764,2,Alfa-Romeo 145
1372,2,Alfa-Romeo 146
1134,2,Alfa-Romeo 147
1409,2,Alfa-Romeo 155
1069,2,Alfa-Romeo 156
1122,2,Alfa-Romeo 159
1739,2,Alfa-Romeo 164
1242,2,Alfa-Romeo 166
1541,2,Alfa-Romeo Brera
1385,2,Alfa-Romeo Giulietta
1403,2,Alfa-Romeo GT
1766,2,Alfa-Romeo GTV
1345,2,Alfa-Romeo MiTo
1780,2,Alfa-Romeo Spider
1643,5,
1073,5,Audi 100
1075,5,Audi 200
1072,5,Audi 80
1074,5,Audi 90
914,5,Audi A1
915,5,Audi A2
135,5,Audi A3
40,5,Audi A4
1621,5,Audi A5
47,5,Audi A6
232,5,Audi A6 Allroad
620,5,Audi A7
189,5,Audi A8
916,5,Audi Coupe
118,5,Audi Q3
119,5,Audi Q5
117,5,Audi Q7
1622,5,Audi Quattro
917,5,Audi R8
1399,5,Audi RS Q3
919,5,Audi RS3
1485,5,Audi RS4
920,5,Audi RS5
921,5,Audi RS6
922,5,Audi RS7
918,5,Audi RSQ3
1499,5,Audi S3
923,5,Audi S4
924,5,Audi S5
925,5,Audi S6
1658,5,Audi S7
926,5,Audi S8
927,5,Audi SQ5
928,5,Audi TT
1669,5,Audi TT RS
1396,5,Audi TTS
1419,6,Bentley Arnage
1592,6,Bentley Bentayga
1729,6,Bentley Brooklands
1125,6,Bentley Continental
1269,6,Bentley Continental Flying Spur
1542,6,Bentley Continental GT Speed
1453,6,Bentley Mulsanne
1653,7,
125,7,BMW 1
1369,7,BMW 1M
1560,7,BMW 2
38,7,BMW 3
1149,7,BMW 4
34,7,BMW 5
913,7,BMW 6
124,7,BMW 7
1417,7,BMW 8
1675,7,BMW Alpina B3
1667,7,BMW Alpina B6
1637,7,BMW Alpina B7
1313,7,BMW i3
1414,7,BMW i8
1543,7,BMW M2
1160,7,BMW M3
1397,7,BMW M4
1089,7,BMW M5
1559,7,BMW M6
199,7,BMW X1
1826,7,BMW X2
113,7,BMW X3
1103,7,BMW X4
31,7,BMW X5
1085,7,BMW X5 M
126,7,BMW X6
1070,7,BMW X6 M
1845,7,BMW X7
1416,7,BMW Z1
1374,7,BMW Z3
1438,7,BMW Z3 M
1142,7,BMW Z4
1446,7,BMW Z4 M
1424,7,BMW Z8
1537,9,BYD F0
285,9,BYD F3
1276,9,BYD Flyer
1671,10,
961,10,Cadillac Allante
960,10,Cadillac ATS
962,10,Cadillac BLS
963,10,Cadillac Brougham
966,10,Cadillac Catera
964,10,Cadillac CT6
965,10,Cadillac CTS
968,10,Cadillac De Ville
1638,10,Cadillac DeVille
967,10,Cadillac DTS
970,10,Cadillac Eldorado
969,10,Cadillac ELR
294,10,Cadillac Escalade
971,10,Cadillac Fleetwood
972,10,Cadillac LSE
974,10,Cadillac Series 62
975,10,Cadillac Seville
976,10,Cadillac Sixty Special
621,10,Cadillac SRX
973,10,Cadillac STS
977,10,Cadillac XLR
978,10,Cadillac XT5
979,10,Cadillac XTS
1626,11,
1654,11,Chery A1
1582,11,Chery A5
205,11,Chery Amulet (A15)
1365,11,Chery Arrizo 7
481,11,Chery Bonus (A13)
482,11,Chery Bonus 3 (E3/A19)
483,11,Chery CrossEastar (B14)
244,11,Chery Fora (A21)
484,11,Chery IndiS (S18D)
485,11,Chery Kimo (A1)
486,11,Chery M11 (A3)
487,11,Chery Oriental Son (B11)
488,11,Chery QQ6 (S21)
489,11,Chery Sweet (QQ)
259,11,Chery Tiggo
1584,11,Chery Tiggo (T11)
1469,11,Chery Tiggo 2
1583,11,Chery Tiggo 3
490,11,Chery Tiggo 5
1668,11,Chery Tiggo 7
491,11,Chery Very (A13)
1627,12,
1373,12,Chevrolet Alero
668,12,Chevrolet Astro
669,12,Chevrolet Avalanche
268,12,Chevrolet Aveo
670,12,Chevrolet Blazer
671,12,Chevrolet Camaro
672,12,Chevrolet Caprice
120,12,Chevrolet Captiva
1315,12,Chevrolet Chevette
234,12,Chevrolet Cobalt
673,12,Chevrolet Colorado
674,12,Chevrolet Corvette
21,12,Chevrolet Cruze
175,12,Chevrolet Epica
675,12,Chevrolet Equinox
676,12,Chevrolet Evanda
677,12,Chevrolet Express
1533,12,Chevrolet HHR
20,12,Chevrolet Lacetti
36,12,Chevrolet Lanos
678,12,Chevrolet Lumina
679,12,Chevrolet Lumina APV
680,12,Chevrolet Malibu
1312,12,Chevrolet Metro
1258,12,Chevrolet MW
10,12,Chevrolet Niva
1781,12,Chevrolet Nubira
261,12,Chevrolet Orlando
681,12,Chevrolet Rezzo
682,12,Chevrolet Silverado
683,12,Chevrolet Spark
1636,12,Chevrolet SSR
684,12,Chevrolet Suburban
303,12,Chevrolet Tahoe
685,12,Chevrolet Tracker
287,12,Chevrolet TrailBlazer
686,12,Chevrolet Viva
1655,12,Chevrolet Volt
1623,14,
861,14,Citroen 2 CV
186,14,Citroen Berlingo
862,14,Citroen BX
865,14,Citroen C1
866,14,Citroen C2
1205,14,Citroen C3
886,14,Citroen C3 Picasso
69,14,Citroen C4
885,14,Citroen C4 Aircross
884,14,Citroen C4 Picasso
150,14,Citroen C5
867,14,Citroen C6
868,14,Citroen C7
1318,14,Citroen C8
863,14,Citroen C-Crosser
864,14,Citroen C-Elysee
869,14,Citroen CX
870,14,Citroen DS3
871,14,Citroen DS4
872,14,Citroen DS5
873,14,Citroen Evasion
874,14,Citroen GS
476,14,Citroen Jumper
875,14,Citroen Jumpy
876,14,Citroen Nemo
877,14,Citroen Saxo
878,14,Citroen Visa
880,14,Citroen Xantia
879,14,Citroen XM
881,14,Citroen Xsara
883,14,Citroen Xsara Picasso
882,14,Citroen ZX
1734,15,
758,15,Daewoo Arcadia
1217,15,Daewoo Espero
279,15,Daewoo Gentra
759,15,Daewoo Kalos
760,15,Daewoo Korando
761,15,Daewoo Lacetti
762,15,Daewoo Lanos
764,15,Daewoo Leganza
763,15,Daewoo LeMans
765,15,Daewoo Magnus
22,15,Daewoo Matiz
766,15,Daewoo Musso
18,15,Daewoo Nexia
767,15,Daewoo Nubira
768,15,Daewoo Prince
769,15,Daewoo Racer
770,15,Daewoo Rezzo
771,15,Daewoo Sens
772,15,Daewoo Tacuma
773,15,Daewoo Tico
774,15,Daewoo Tosca
775,15,Daewoo Winstorm
1774,16,
1195,16,Dodge Avenger
273,16,Dodge Caliber
262,16,Dodge Caravan
1310,16,Dodge Challenger
1564,16,Dodge Charger
1425,16,Dodge Dakota
1243,16,Dodge Durango
1058,16,Dodge Intrepid
1123,16,Dodge Journey
1240,16,Dodge Magnum
1060,16,Dodge Neon
1136,16,Dodge Nitro
1047,16,Dodge Ram
1753,16,Dodge Stealth
288,16,Dodge Stratus
1549,16,Dodge Viper
1775,18,
1646,18,Ferrari 612 Scaglietti
1519,18,Ferrari California
1492,18,Ferrari F430
1609,19,
1202,19,FIAT 500
180,19,FIAT Albea
1306,19,FIAT Brava
1111,19,FIAT Bravo
1761,19,FIAT Coupe
239,19,FIAT Doblo
146,19,Fiat Ducato
1575,19,FIAT Fiorino
1434,19,FIAT Freemont
1454,19,Fiat Fullback
1236,19,Fiat Linea
1298,19,FIAT Marea
1259,19,FIAT Palio
1051,19,FIAT Panda
283,19,FIAT Punto
1183,19,FIAT Scudo
1367,19,FIAT Sedici
1116,19,FIAT Stilo
1544,19,FIAT Ulysse
1566,20,
137,20,Ford C-MAX
1548,20,Ford Cougar
551,20,Ford Econoline
550,20,Ford EcoSport
552,20,Ford Edge
243,20,Ford Escape
553,20,Ford Escort
554,20,Ford Excursion
555,20,Ford Expedition
228,20,Ford Explorer
556,20,Ford F-150
1285,20,Ford F-250
1305,20,Ford F-350
105,20,Ford Fiesta
3,20,Ford Focus
1527,20,Ford Freestyle
78,20,Ford Fusion
557,20,Ford Galaxy
558,20,Ford KA
166,20,Ford Kuga
559,20,Ford Maverick
28,20,Ford Mondeo
560,20,Ford Mustang
561,20,Ford Orion
562,20,Ford Probe
563,20,Ford Ranger
564,20,Ford Scorpio
565,20,Ford Sierra
296,20,Ford S-MAX
566,20,Ford Taurus
308,20,Ford Tourneo Connect
567,20,Ford Tourneo Custom
80,20,Ford Transit
1572,24,
996,24,Great-Wall Coolbear
997,24,Great-Wall Cowry (V80)
998,24,Great-Wall Deer
999,24,Great-Wall Florid
82,24,Great-Wall Hover
1007,24,Great-Wall Hover H3
1676,24,Great-Wall Hover H5
1009,24,Great-Wall Hover H6
1011,24,Great-Wall Hover M1
1010,24,Great-Wall Hover M2
1012,24,Great-Wall Hover M4
1000,24,Great-Wall Pegasus
1001,24,Great-Wall Peri
291,24,Great-Wall Safe
1002,24,Great-Wall Sailor
1004,24,Great-Wall Sing RUV
1005,24,Great-Wall Socool
1507,24,Great-Wall Sokol
1014,24,Great-Wall Voleex C10 (Phenom)
1013,24,Great-Wall Voleex C30
1006,24,Great-Wall Wingle
1689,27,
64,27,Honda Accord
623,27,Honda Airwave
1094,27,Honda Avancier
644,27,Honda Beat
624,27,Honda Capa
1139,27,Honda City
49,27,Honda Civic
625,27,Honda Civic Ferio
626,27,Honda Civic Type R
1208,27,Honda Crossroad
627,27,Honda Crosstour
72,27,Honda CR-V
1743,27,Honda CR-X
1284,27,Honda CR-Z
628,27,Honda Domani
1137,27,Honda Edix
629,27,Honda Element
1232,27,Honda Elysion
143,27,Honda Fit
1064,27,Honda Fit Aria
1229,27,Honda Fit Shuttle
630,27,Honda Freed
1347,27,Honda FR-V
1833,27,Honda Grace
215,27,Honda HR-V
631,27,Honda Insight
632,27,Honda Inspire
633,27,Honda Integra
1834,27,Honda Jade
284,27,Honda Jazz
634,27,Honda Legend
1147,27,Honda Life
635,27,Honda Logo
636,27,Honda Mobilio
1185,27,Honda Mobilio Spike
263,27,Honda Odyssey
1257,27,Honda Orthia
637,27,Honda Partner
638,27,Honda Pilot
639,27,Honda Prelude
640,27,Honda Ridgeline
1489,27,Honda S2000
641,27,Honda Saber
642,27,Honda Shuttle
1266,27,Honda S-MX
1402,27,Honda SM-X
295,27,Honda Stepwgn
230,27,Honda Stream
643,27,Honda Torneo
1471,27,Honda Vezel
1529,27,Honda Z
1279,27,Honda Zest
1490,27,Hyundai Veracruz
957,28,Hummer H1
956,28,Hummer H2
958,28,Hummer H3
1571,29,
19,29,Hyundai Accent
589,29,Hyundai Atos
590,29,Hyundai Avante
1596,29,Hyundai Click
591,29,Hyundai Coupe
592,29,Hyundai Creta
51,29,Hyundai Elantra
593,29,Hyundai Equus
594,29,Hyundai Galloper
595,29,Hyundai Genesis
596,29,Hyundai Genesis Coupe
1840,29,Hyundai Genesis G70
1595,29,Hyundai Genesis G80
1656,29,Hyundai Genesis G90
39,29,Hyundai Getz
597,29,Hyundai Grandeur
1159,29,Hyundai H-100
1230,29,Hyundai i10
605,29,Hyundai i20
116,29,Hyundai i30
193,29,Hyundai i40
1557,29,Hyundai ix20
76,29,Hyundai ix35
606,29,Hyundai ix55
598,29,Hyundai Lantra
1216,29,Hyundai Lavita
1015,29,Hyundai Matrix
202,29,Hyundai Porter
62,29,Hyundai Santa Fe
4,29,Hyundai Solaris
63,29,Hyundai Sonata
130,29,Hyundai Starex (H-1)
599,29,Hyundai Terracan
600,29,Hyundai Tiburon
601,29,Hyundai Trajet
98,29,Hyundai Tucson
1200,29,Hyundai Tuscani
602,29,Hyundai Veloster
603,29,Hyundai Verna
604,29,Hyundai XG
1630,31,
841,31,Infiniti EX
842,31,Infiniti FX
843,31,Infiniti G
844,31,Infiniti I
1514,31,Infiniti i30
845,31,Infiniti j30
846,31,Infiniti JX
847,31,Infiniti M
848,31,Infiniti Q
849,31,Infiniti Q30
850,31,Infiniti Q40
1508,31,Infiniti Q45
851,31,Infiniti Q50
852,31,Infiniti Q60
853,31,Infiniti Q70
854,31,Infiniti QX30
855,31,Infiniti QX4
856,31,Infiniti QX50
1467,31,Infiniti QX56
857,31,Infiniti QX60
858,31,Infiniti QX70
859,31,Infiniti QX80
1652,32,
1611,32,Isuzu Aska
1249,32,Isuzu Axiom
1498,32,Isuzu D-MAX
1327,32,Isuzu N
1262,32,Isuzu Trooper
1726,32,Isuzu VehiCross
1290,32,Isuzu Wizard
1841,33,
1832,33,Jaguar E-Pace
892,33,Jaguar E-type
893,33,Jaguar F-Pace
894,33,Jaguar F-Type
1530,33,Jaguar F-Type S
895,33,Jaguar F-Type SVR
896,33,Jaguar Mark 2
897,33,Jaguar S-Type
899,33,Jaguar XE
305,33,Jaguar XF
900,33,Jaguar XFR
901,33,Jaguar XJ
902,33,Jaguar XJ220
903,33,Jaguar XJR
904,33,Jaguar XJS
905,33,Jaguar XK
906,33,Jaguar XKR
898,33,Jaguar X-Type
1772,34,
1028,34,Jeep Cherokee
1029,34,Jeep Commander
1030,34,Jeep Compass
181,34,Jeep Grand Cherokee
1031,34,Jeep Grand Wagoneer
1057,34,Jeep Liberty(Patriot)
1032,34,Jeep Renegade
1033,34,Jeep Wrangler
1567,35,
1201,35,KIA Bongo
688,35,KIA Cadenza
689,35,KIA Capital
690,35,KIA Carens
691,35,KIA Carnival
27,35,KIA Ceed
67,35,KIA Cerato
692,35,KIA Clarus
693,35,KIA Concord
1271,35,Kia Forte
694,35,KIA Joice
1624,35,KIA K3
1614,35,KIA K5
1842,35,Kia K900
233,35,KIA Magentis
695,35,KIA Mohave (Borrego)
1476,35,KIA Morning
696,35,KIA Opirus
197,35,KIA Optima
142,35,KIA Picanto
1224,35,KIA Pregio
697,35,KIA Pride
1835,35,Kia ProCeed
698,35,KIA Quoris
1289,35,KIA Ray
699,35,KIA Retona
6,35,KIA Rio
700,35,KIA Sedona
701,35,KIA Sephia
702,35,KIA Shuma
75,35,KIA Sorento
194,35,KIA Soul
58,35,KIA Spectra
29,35,KIA Sportage
1828,35,KIA Stinger
703,35,KIA Venga
704,35,KIA Visto
705,35,KIA X-Trek
1458,37,Lamborghini Aventador
1495,37,Lamborghini Gallardo
1521,37,Lamborghini Huracan
1641,39,
1062,39,Land-Rover Defender
144,39,Land-Rover Discovery
1091,39,Land-Rover Discovery Sport
133,39,Land-Rover Freelander
1056,39,Land-Rover Range Rover
254,39,Land-Rover Range Rover Evoque
149,39,Land-Rover Range Rover Sport
1768,39,Land-Rover Range Rover Velar
1615,40,
607,40,Lexus CT
608,40,Lexus ES
219,40,Lexus GS
610,40,Lexus GX
611,40,Lexus HS
277,40,Lexus IS
612,40,Lexus IS F
613,40,Lexus LC
614,40,Lexus LFA
615,40,Lexus LS
207,40,Lexus LX
616,40,Lexus NX
617,40,Lexus RC
618,40,Lexus RC F
91,40,Lexus RX
619,40,Lexus SC
1651,41,
276,41,Lifan Breez (520)
719,41,Lifan Cebrium (720)
720,41,Lifan Celliya (530)
1786,41,Lifan Myway
252,41,Lifan Smily
132,41,Lifan Solano
721,41,Lifan X50
167,41,Lifan X60
1788,41,Lifan X70
1292,42,Lincoln Aviator
1736,42,Lincoln Continental
1632,42,Lincoln LS
1767,42,Lincoln Mark
1448,42,Lincoln MKX
1616,42,Lincoln MKZ
1108,42,Lincoln Navigator
1059,42,Lincoln Town Car
1677,43,
1770,43,Maserati 3200 GT
1413,43,Maserati GranTurismo
1539,43,Maserati Levante
1255,43,Maserati Quattroporte
1405,44,Maybach 57
1387,44,Maybach 62
1647,45,
646,45,Mazda 2
23,45,Mazda 3
648,45,Mazda 323
649,45,Mazda 5
24,45,Mazda 6
651,45,Mazda 626
652,45,Mazda Atenza
653,45,Mazda Axela
1773,45,Mazda AZ-Offroad
1186,45,Mazda B
655,45,Mazda Biante
656,45,Mazda Bongo
657,45,Mazda Bongo Friendee
654,45,Mazda BT-50
659,45,Mazda Capella
1370,45,Mazda Carol
1678,45,Mazda CX-3
152,45,Mazda CX-5
93,45,Mazda CX-7
658,45,Mazda CX-9
158,45,Mazda Demio
245,45,Mazda Familia
1522,45,Mazda Laputa
662,45,Mazda Millenia
242,45,Mazda MPV
660,45,Mazda MX-3
661,45,Mazda MX-5
1699,45,Mazda MX-6
293,45,Mazda Premacy
663,45,Mazda Protege
1633,45,Mazda RX-7
664,45,Mazda RX-8
1579,45,Mazda Sentia
1314,45,Mazda Titan
302,45,Mazda Tribute
1102,45,Mazda Verisa
665,45,Mazda Xedos 6
666,45,Mazda Xedos 9
1634,45,Mercedes-Benz GLC AMG
1573,46,
493,46,Mercedes-Benz 190 (W201)
238,46,Mercedes-Benz A
1254,46,Mercedes-Benz A AMG
1349,46,Mercedes-Benz AMG GT
494,46,Mercedes-Benz B
60,46,Mercedes-Benz C
645,46,Mercedes-Benz C AMG
1574,46,Mercedes-Benz Citan
1020,46,Mercedes-Benz CL
1157,46,Mercedes-Benz CL AMG
495,46,Mercedes-Benz CLA
1193,46,Mercedes-Benz CLA AMG
1197,46,Mercedes-Benz CLC
496,46,Mercedes-Benz CLK
1456,46,Mercedes-Benz CLK AMG
497,46,Mercedes-Benz CLS
1128,46,Mercedes-Benz CLS AMG
37,46,Mercedes-Benz E
275,46,Mercedes-Benz E AMG
492,46,Mercedes-Benz G
498,46,Mercedes-Benz G AMG
136,46,Mercedes-Benz GL
1067,46,Mercedes-Benz GL AMG
499,46,Mercedes-Benz GLA
1322,46,Mercedes-Benz GLA AMG
500,46,Mercedes-Benz GLC
501,46,Mercedes-Benz GLE
1361,46,Mercedes-Benz GLE AMG
231,46,Mercedes-Benz GLK
503,46,Mercedes-Benz GLS
504,46,Mercedes-Benz GLS AMG
95,46,Mercedes-Benz M
505,46,Mercedes-Benz M AMG
1426,46,Mercedes-Benz Maybach S
507,46,Mercedes-Benz R
1665,46,Mercedes-Benz R AMG
87,46,Mercedes-Benz S
511,46,Mercedes-Benz S AMG
506,46,Mercedes-Benz S Maybach
508,46,Mercedes-Benz SL
1352,46,Mercedes-Benz SL AMG
1648,46,Mercedes-Benz SLC
1119,46,Mercedes-Benz SLK
1481,46,Mercedes-Benz SLK AMG
1662,46,Mercedes-Benz SLR McLaren
1664,46,Mercedes-Benz SLS
1598,46,Mercedes-Benz SLS AMG
114,46,Mercedes-Benz Sprinter
509,46,Mercedes-Benz V
1124,46,Mercedes-Benz Vaneo
1301,46,Mercedes-Benz Vario
299,46,Mercedes-Benz Viano
90,46,Mercedes-Benz Vito
512,46,Mercedes-Benz W110
513,46,Mercedes-Benz W111
514,46,Mercedes-Benz W114
515,46,Mercedes-Benz W115
516,46,Mercedes-Benz W120
517,46,Mercedes-Benz W121
518,46,Mercedes-Benz W123
510,46,Mercedes-Benz W124
519,46,Mercedes-Benz W128
520,46,Mercedes-Benz W136
521,46,Mercedes-Benz W186
522,46,Mercedes-Benz W188
523,46,Mercedes-Benz W189
1836,46,Mercedes-Benz X
1674,47,
1601,47,Mini Cabrio
1256,47,Mini Clubman
1025,47,Mini Cooper
1606,47,Mini Countryman
1603,47,Mini Coupe
1107,47,Mini Hatch
1551,47,Mini Paceman
1605,47,Mini Roadster
1635,48,
1746,48,Mitsubishi 3000GT
568,48,Mitsubishi Airtrek
1423,48,Mitsubishi Aspire
104,48,Mitsubishi ASX
1235,48,Mitsubishi Canter
198,48,Mitsubishi Carisma
1617,48,Mitsubishi Cedia
1612,48,Mitsubishi Challenger
569,48,Mitsubishi Chariot
169,48,Mitsubishi Colt
570,48,Mitsubishi Delica
571,48,Mitsubishi Diamante
572,48,Mitsubishi Dingo
573,48,Mitsubishi Dion
574,48,Mitsubishi Eclipse
588,48,Mitsubishi eK
1422,48,Mitsubishi Endeavor
129,48,Mitsubishi Galant
575,48,Mitsubishi Grandis
1281,48,Mitsubishi i
1501,48,Mitsubishi i-MiEV
1769,48,Mitsubishi Jeep
138,48,Mitsubishi L200
5,48,Mitsubishi Lancer
576,48,Mitsubishi Lancer Evolution
577,48,Mitsubishi Legnum
578,48,Mitsubishi Libero
1165,48,Mitsubishi Minica
1267,48,Mitsubishi Minicab
579,48,Mitsubishi Mirage
580,48,Mitsubishi Montero
581,48,Mitsubishi Montero Sport
53,48,Mitsubishi Outlander
85,48,Mitsubishi Pajero
584,48,Mitsubishi Pajero iO
1692,48,Mitsubishi Pajero Junior
582,48,Mitsubishi Pajero Mini
583,48,Mitsubishi Pajero Pinin
128,48,Mitsubishi Pajero Sport
585,48,Mitsubishi RVR
1380,48,Mitsubishi Space Gear
1687,48,Mitsubishi Space Runner
586,48,Mitsubishi Space Star
587,48,Mitsubishi Space Wagon
1568,50,
1191,50,Nissan 350Z
223,50,Nissan AD
56,50,Nissan Almera
77,50,Nissan Almera Classic
1526,50,Nissan Almera Tino
1178,50,Nissan Altima
1155,50,Nissan Armada
980,50,Nissan Avenir
1098,50,Nissan Bassara
280,50,Nissan Bluebird
271,50,Nissan Bluebird Sylphy
1148,50,Nissan Caravan
1050,50,Nissan Cedric
304,50,Nissan Cefiro
1440,50,Nissan Cima
1245,50,Nissan Clipper
221,50,Nissan Cube
1311,50,Nissan Datsun
1110,50,Nissan Dualis
1063,50,Nissan Elgrand
860,50,Nissan Expert
1513,50,Nissan Fairlady Z
1437,50,Nissan Frontier
1188,50,Nissan Fuga
1087,50,Nissan Gloria
1192,50,Nissan GT-R
88,50,Nissan Juke
1450,50,Nissan Juke Nismo
1401,50,Nissan Kix
1182,50,Nissan Lafesta
1745,50,Nissan Largo
1552,50,Nissan Latio
1061,50,Nissan Laurel
1127,50,Nissan Leaf
301,50,Nissan Liberty
171,50,Nissan March
208,50,Nissan Maxima
190,50,Nissan Micra
1126,50,Nissan Moco
121,50,Nissan Murano
278,50,Nissan Navara
100,50,Nissan Note
1082,50,Nissan NP 300
1132,50,Nissan NV200
1177,50,Nissan Otti
151,50,Nissan Pathfinder
212,50,Nissan Patrol
1756,50,Nissan PickUP
1329,50,Nissan Prairie
982,50,Nissan Presage
1343,50,Nissan Presea
1757,50,Nissan Primastar
73,50,Nissan Primera
1161,50,Nissan Pulsar
30,50,Nissan Qashqai
1474,50,Nissan Quest
1213,50,Nissan Rnessa
1536,50,Nissan Rogue
1227,50,Nissan Safari
309,50,Nissan Sentra
218,50,Nissan Serena
1336,50,Nissan Silvia
282,50,Nissan Skyline
1321,50,Nissan Stagea
164,50,Nissan Sunny
1512,50,Nissan Sylphy
66,50,Nissan Teana
217,50,Nissan Terrano
92,50,Nissan Tiida
1024,50,Nissan Tino
1389,50,Nissan Titan
757,50,Nissan Vanette
203,50,Nissan Wingroad
1523,50,Nissan Xterra
1302,50,Nissan X-Terra
48,50,Nissan X-Trail
1576,51,
776,51,Opel Agila
777,51,Opel Antara
778,51,Opel Ascona
7,51,Opel Astra
1791,51,Opel Astra GTC
779,51,Opel Calibra
780,51,Opel Combo
781,51,Opel Commodore
57,51,Opel Corsa
783,51,Opel Corsa OPC
784,51,Opel Frontera
1554,51,Opel GT
785,51,Opel Insignia
786,51,Opel Insignia OPC
787,51,Opel Kadett
788,51,Opel Manta
196,51,Opel Meriva
790,51,Opel Mokka
791,51,Opel Monterey
792,51,Opel Monza
1104,51,Opel Movano
804,51,Opel Olympia
793,51,Opel Omega
794,51,Opel Rekord
805,51,Opel Senator
795,51,Opel Signum
796,51,Opel Sintra
797,51,Opel Tigra
96,51,Opel Vectra
799,51,Opel Vectra OPC
800,51,Opel Vita
801,51,Opel Vivaro
101,51,Opel Zafira
803,51,Opel Zafira OPC
1569,52,
735,52,Peugeot 1007
736,52,Peugeot 106
266,52,Peugeot 107
737,52,Peugeot 2008
81,52,Peugeot 206
185,52,Peugeot 207
738,52,Peugeot 208
739,52,Peugeot 208 GTi
264,52,Peugeot 3008
740,52,Peugeot 301
741,52,Peugeot 306
102,52,Peugeot 307
61,52,Peugeot 308
742,52,Peugeot 309
743,52,Peugeot 4007
744,52,Peugeot 4008
745,52,Peugeot 405
298,52,Peugeot 406
204,52,Peugeot 407
200,52,Peugeot 408
746,52,Peugeot 5008
747,52,Peugeot 508
749,52,Peugeot 605
750,52,Peugeot 607
751,52,Peugeot 806
752,52,Peugeot 807
753,52,Peugeot Bipper
206,52,Peugeot Boxer
754,52,Peugeot Expert
183,52,Peugeot Partner
755,52,Peugeot RCZ
1799,52,Peugeot Traveller
1779,53,
1661,53,Porsche 718 Boxster
1555,53,Porsche 718 Cayman
1265,53,Porsche 911
1755,53,Porsche 924
1275,53,Porsche Boxster
184,53,Porsche Cayenne
1293,53,Porsche Cayman
1135,53,Porsche Macan
1096,53,Porsche Panamera
1589,54,
806,54,Renault 10
807,54,Renault 11
808,54,Renault 19
809,54,Renault 21
810,54,Renault 25
811,54,Renault 5
812,54,Renault 9
1844,54,Renault Arkana
258,54,Renault Clio
813,54,Renault Dokker
65,54,Renault Duster
814,54,Renault Espace
108,54,Renault Fluence
195,54,Renault Kangoo
274,54,Renault Kaptur
289,54,Renault Koleos
179,54,Renault Laguna
815,54,Renault Latitude
13,54,Renault Logan
622,54,Renault Master
35,54,Renault Megane
816,54,Renault Modus
817,54,Renault Safrane
89,54,Renault Sandero
131,54,Renault Scenic
106,54,Renault Symbol
818,54,Renault Trafic
819,54,Renault Twingo
820,54,Renault Twizy
821,54,Renault Vel Satis
1475,55,Rolls-Royce Ghost
1379,55,Rolls-Royce Phantom
1491,55,Rolls-Royce Wraith
988,56,Saab 90
989,56,Saab 900
990,56,Saab 9000
983,56,Saab 9-2X
991,56,Saab 93
984,56,Saab 9-3
1547,56,Saab 9-3 Sport
985,56,Saab 9-4X
992,56,Saab 95
986,56,Saab 9-5
993,56,Saab 96
987,56,Saab 9-7X
994,56,Saab 99
995,56,Saab Sonett
1210,57,SEAT Alhambra
1226,57,SEAT Altea
1504,57,SEAT Arosa
1150,57,SEAT Cordoba
1078,57,SEAT Ibiza
1046,57,SEAT Leon
1176,57,SEAT Toledo
1631,58,
907,58,Skoda Citigo
70,58,Skoda Fabia
908,58,Skoda Favorit
909,58,Skoda Felicia
910,58,Skoda Kodiaq
16,58,Skoda Octavia
911,58,Skoda Popular
1238,58,Skoda Praktik
161,58,Skoda Rapid
912,58,Skoda Roomster
134,58,Skoda Superb
109,58,Skoda Yeti
1189,59,Smart Forfour
1026,59,Smart Fortwo
1163,59,Smart Roadster
1618,60,
99,60,Ssang-Yong Actyon
248,60,Ssang-Yong Actyon Sports
1034,60,Ssang-Yong Chairman
1042,60,Ssang-Yong Istana
1035,60,Ssang-Yong Kallista
1036,60,Ssang-Yong Korando
103,60,Ssang-Yong Kyron
1037,60,Ssang-Yong Musso
1038,60,Ssang-Yong Nomad
211,60,Ssang-Yong Rexton
1039,60,Ssang-Yong Rodius
1040,60,Ssang-Yong Stavic
1041,60,Ssang-Yong Tivoli
1650,61,
524,61,Subaru 360
525,61,Subaru Alcyone
527,61,Subaru Baja
526,61,Subaru BRZ
528,61,Subaru Dex
529,61,Subaru Domingo
530,61,Subaru Exiga
94,61,Subaru Forester
115,61,Subaru Impreza
531,61,Subaru Impreza WRX
532,61,Subaru Impreza WRX STi
533,61,Subaru Justy
173,61,Subaru Legacy
534,61,Subaru Leone
535,61,Subaru Levorg
536,61,Subaru Libero
178,61,Subaru Outback
537,61,Subaru Pleo
538,61,Subaru R1
539,61,Subaru R2
541,61,Subaru Sambar
542,61,Subaru Stella
540,61,Subaru SVX
543,61,Subaru Traviq
544,61,Subaru Trezia
545,61,Subaru Tribeca
546,61,Subaru Vivio
547,61,Subaru WRX
548,61,Subaru WRX STi
549,61,Subaru XV
1657,62,
931,62,Suzuki Aerio
932,62,Suzuki Alto
933,62,Suzuki Baleno
934,62,Suzuki Cappuccino
935,62,Suzuki Celerio
936,62,Suzuki Cervo
1350,62,Suzuki Cultus
937,62,Suzuki Equator
938,62,Suzuki Ertiga
939,62,Suzuki Escudo
940,62,Suzuki Every
1532,62,Suzuki Forenza
74,62,Suzuki Grand Vitara
941,62,Suzuki Ignis
272,62,Suzuki Jimny
942,62,Suzuki Kei
943,62,Suzuki Kizashi
944,62,Suzuki Landy
246,62,Suzuki Liana
945,62,Suzuki MR Wagon
946,62,Suzuki Palette
947,62,Suzuki Samurai
948,62,Suzuki Solio
1838,62,Suzuki Spacia
949,62,Suzuki Splash
216,62,Suzuki Swift
127,62,Suzuki SX4
950,62,Suzuki Verona
951,62,Suzuki Vitara
952,62,Suzuki Wagon R
953,62,Suzuki Wagon R+
954,62,Suzuki X-90
955,62,Suzuki XL7
1570,63,
342,63,Toyota 2000GT
343,63,Toyota 4Runner
344,63,Toyota Allex
170,63,Toyota Allion
345,63,Toyota Alphard
346,63,Toyota Altezza
347,63,Toyota Aqua
348,63,Toyota Aristo
349,63,Toyota Aurion
147,63,Toyota Auris
350,63,Toyota Avalon
71,63,Toyota Avensis
351,63,Toyota Avensis Verso
352,63,Toyota Aygo
353,63,Toyota bB
354,63,Toyota Belta
355,63,Toyota Blade
356,63,Toyota Blizzard
357,63,Toyota Brevis
225,63,Toyota Caldina
359,63,Toyota Cami
15,63,Toyota Camry
360,63,Toyota Camry Solara
361,63,Toyota Carina
362,63,Toyota Carina ED
363,63,Toyota Cavalier
312,63,Toyota Celica
364,63,Toyota Celsior
365,63,Toyota Century
366,63,Toyota Chaser
358,63,Toyota C-HR
1702,63,Toyota Comfort
14,63,Toyota Corolla
1798,63,Toyota Corolla Fielder
368,63,Toyota Corona
369,63,Toyota Corsa
370,63,Toyota Cressida
371,63,Toyota Cresta
247,63,Toyota Crown
372,63,Toyota Crown Majesta
373,63,Toyota Curren
374,63,Toyota Cynos
375,63,Toyota Duet
376,63,Toyota Echo
377,63,Toyota Estima
379,63,Toyota FJ Cruiser
380,63,Toyota Fortuner
260,63,Toyota Fun Cargo
381,63,Toyota Gaia
382,63,Toyota Granvia
383,63,Toyota GT86
227,63,Toyota Harrier
384,63,Toyota HiAce
159,63,Toyota Highlander
300,63,Toyota Hilux
385,63,Toyota Hilux Surf
386,63,Toyota Innova
241,63,Toyota Ipsum
387,63,Toyota iQ
388,63,Toyota ISis
253,63,Toyota Ist
389,63,Toyota Kluger
59,63,Toyota Land Cruiser
50,63,Toyota Land Cruiser Prado
390,63,Toyota Lite Ace
165,63,Toyota Mark II
391,63,Toyota MasterAce
1016,63,Toyota Matrix
392,63,Toyota Mega Cruiser
393,63,Toyota Mirai
394,63,Toyota MR2
395,63,Toyota Nadia
396,63,Toyota Noah
397,63,Toyota Opa
398,63,Toyota Origin
399,63,Toyota Paseo
237,63,Toyota Passo
400,63,Toyota Passo Sette
401,63,Toyota Picnic
402,63,Toyota Pixis Epoch
403,63,Toyota Pixis Mega
404,63,Toyota Pixis Space
257,63,Toyota Platz
406,63,Toyota Porte
188,63,Toyota Premio
407,63,Toyota Previa
160,63,Toyota Prius
408,63,Toyota ProAce
235,63,Toyota Probox
409,63,Toyota Progres
410,63,Toyota Pronard
411,63,Toyota Publica
306,63,Toyota Ractis
412,63,Toyota Raum
33,63,Toyota RAV4
413,63,Toyota Regius
414,63,Toyota RegiusAce
415,63,Toyota Rush
416,63,Toyota Sai
417,63,Toyota Scepter
418,63,Toyota Sequoia
419,63,Toyota Sera
420,63,Toyota Sienna
421,63,Toyota Sienta
422,63,Toyota Soarer
423,63,Toyota Soluna
424,63,Toyota Sparky
425,63,Toyota Sprinter
426,63,Toyota Starlet
427,63,Toyota Succeed
428,63,Toyota Supra
429,63,Toyota Tacoma
430,63,Toyota Tercel
887,63,Toyota Town Ace
431,63,Toyota Tundra
432,63,Toyota Vanguard
433,63,Toyota Vellfire
434,63,Toyota Venza
435,63,Toyota Verossa
311,63,Toyota Verso
436,63,Toyota Vios
437,63,Toyota Vista
156,63,Toyota Vitz
438,63,Toyota Voltz
439,63,Toyota Voxy
440,63,Toyota WiLL
441,63,Toyota Windom
213,63,Toyota Wish
177,63,Toyota Yaris
442,63,Toyota Yaris Verso
1140,64,УАЗ Pickup
1680,64,УАЗ Другие
168,64,УАЗ Патриот
443,64,УАЗ Хантер
1717,65,
1837,65,LADA (4x4)
9,65,LADA (4x4) 2131
12,65,LADA Granta
2,65,LADA Kalina
79,65,LADA Largus
1,65,LADA Priora
222,65,Lada Vesta
269,65,Lada XRAY
1697,65,ВАЗ 1111 Ока
1175,65,ВАЗ 2101
1682,65,ВАЗ 2102
1688,65,ВАЗ 2103
1686,65,ВАЗ 2104
1696,65,ВАЗ 2105
823,65,ВАЗ 2106
249,65,ВАЗ 2107
1055,65,ВАЗ 2108
286,65,ВАЗ 2109
477,65,ВАЗ 21099
11,65,ВАЗ 2110
84,65,ВАЗ 2111
1706,65,ВАЗ 21114
8,65,ВАЗ 2112
86,65,ВАЗ 2113
140,65,ВАЗ 2114
220,65,ВАЗ 2115
1090,65,ВАЗ 2120 Надежда
1846,65,ВАЗ 2123
1848,65,ВАЗ 2129
1847,65,ВАЗ 2329
1590,66,
444,66,Volkswagen 181
292,66,Volkswagen Amarok
445,66,Volkswagen Beetle
270,66,Volkswagen Bora
210,66,Volkswagen Caddy
446,66,Volkswagen California
226,66,Volkswagen Caravelle
447,66,Volkswagen Corrado
307,66,Volkswagen Crafter
448,66,Volkswagen Derby
449,66,Volkswagen Eos
450,66,Volkswagen Fox
55,66,Volkswagen Golf
930,66,Volkswagen Golf Plus
456,66,Volkswagen Iltis
54,66,Volkswagen Jetta
457,66,Volkswagen K70
458,66,Volkswagen Karmann-Ghia
1323,66,Volkswagen LT
459,66,Volkswagen Lupo
460,66,Volkswagen Lupo GTI
192,66,Volkswagen Multivan
17,66,Volkswagen Passat
107,66,Volkswagen Passat CC
461,66,Volkswagen Phaeton
462,66,Volkswagen Pointer
25,66,Volkswagen Polo
463,66,Volkswagen Routan
464,66,Volkswagen Santana
465,66,Volkswagen Scirocco
466,66,Volkswagen Scirocco R
467,66,Volkswagen Sharan
468,66,Volkswagen Taro
1831,66,Volkswagen Teramont
68,66,Volkswagen Tiguan
52,66,Volkswagen Touareg
201,66,Volkswagen Touran
83,66,Volkswagen Transporter
469,66,Volkswagen Type 1
470,66,Volkswagen Type 2
472,66,Volkswagen Type 4
473,66,Volkswagen Vento
474,66,Volkswagen XL1
1585,67,
1045,67,Volvo C30
1291,67,Volvo C70
154,67,Volvo S40
153,67,Volvo S60
1666,67,Volvo S70
155,67,Volvo S80
1482,67,Volvo S90
1172,67,Volvo V40 Cross Country
1113,67,Volvo V50
1234,67,Volvo V60
1101,67,Volvo V70
1468,67,Volvo V90
1843,67,Volvo XC40
111,67,Volvo XC60
112,67,Volvo XC70
110,67,Volvo XC90
1644,69,
1839,69,Geely Atlas
722,69,Geely Beauty Leopard
723,69,Geely CK (Otaka)
724,69,Geely Emgrand 7
182,69,Geely Emgrand EC7
725,69,Geely Emgrand EC8
1613,69,Geely Emgrand GT
726,69,Geely Emgrand X7
727,69,Geely FC (Vision)
728,69,Geely GC6
729,69,Geely GC9
730,69,Geely Haoqing
731,69,Geely LC (Panda)
732,69,Geely LC (Panda) Cross
187,69,Geely MK
240,69,Geely MK Cross
733,69,Geely MR
1362,69,Geely Otaka
734,69,Geely SC7
1628,70,
706,70,Datsun 280ZX
707,70,Datsun 720
708,70,Datsun Bluebird
709,70,Datsun Cherry
710,70,Datsun GO
711,70,Datsun GO+
716,70,Datsun mi-DO
191,70,Datsun on-DO
712,70,Datsun Stanza
713,70,Datsun Sunny
714,70,Datsun Urvan
715,70,Datsun Violet
1765,75,
337,75,Chrysler 180
338,75,Chrysler 200
339,75,Chrysler 300
340,75,Chrysler 300 Letter Series
313,75,Chrysler 300C
341,75,Chrysler 300C SRT8
315,75,Chrysler Aspen
316,75,Chrysler Cirrus
317,75,Chrysler Concorde
318,75,Chrysler Cordoba
319,75,Chrysler Crossfire
320,75,Chrysler Dynasty
321,75,Chrysler Fifth Avenue
322,75,Chrysler Imperial
323,75,Chrysler Imperial Crown
324,75,Chrysler Intrepid
326,75,Chrysler Le Baron
325,75,Chrysler LHS
327,75,Chrysler Nassau
328,75,Chrysler Neon
329,75,Chrysler New Yorker
331,75,Chrysler Pacifica
330,75,Chrysler PT Cruiser
332,75,Chrysler Saratoga
314,75,Chrysler Sebring
333,75,Chrysler Stratus
334,75,Chrysler Town &amp; Country
335,75,Chrysler Vision
336,75,Chrysler Voyager
480,76,Iran Khodro Paykan
478,76,Iran Khodro Samand
479,76,Iran Khodro Soren
1333,78,AC
1443,78,AC Aceca
1421,78,Aro
1452,78,Aro Spartana
1260,78,BAW
718,78,BAW Fenix
1561,78,BAW Tonik
1328,78,Bufori
1340,78,Bufori La Joya
1407,78,Buick Rendezvous
1441,78,ChangFeng Flying PickUp
1460,78,Dongfeng
1393,78,Ecomotors
1427,78,Ecomotors Estrima Biro
1106,78,FAW
1518,78,FAW 1041
1429,78,FAW Jinn
1435,78,FAW V2
1593,78,Foton Alpha
1528,78,Foton Ollin
1629,78,Foton View
1505,78,GMC Terrain
1486,78,GMC Yukon
1509,78,Honda Acty
1535,78,Honda Thats
1496,78,Honda Vamos
1550,78,Hyundai Grace
1248,78,Hyundai HD65
1497,78,Hyundai HD72
1395,78,Jinbei
1326,78,Jinbei Haise
1587,78,JMC
1359,78,LDV
1048,78,LDV Maxus
1378,78,Mazda AZ-Wagon
1404,78,Metrocab
1381,78,Metrocab Taxi
1444,78,Mitsubishi Toppo
1515,78,Nissan Roox
1420,78,Ronart Lightning
1412,78,Saleen
1394,78,Tianye
1524,78,Tianye Tianye
1406,78,Wartburg
1325,78,Wartburg 353
1398,78,Xin Kai Pickup X3
1451,78,Xin Kai Xin Kai
1109,78,ГАЗ 3310 Валдай
888,78,ГАЗ Газель
1044,78,ГАЗ Соболь
1167,78,ЗИЛ 5301
1054,78,Лада 4x4 Урбан
1280,78,Прочие авто Китай
1502,78,Прочие авто Прочие русские машины
1162,78,Прочие авто Самособранные
1447,78,РАФ 2203
1196,78,Рестайлинг 300
1273,78,УАЗ
824,79,Acura CL
825,79,Acura CSX
826,79,Acura EL
827,79,Acura ILX
828,79,Acura Integra
829,79,Acura Legend
830,79,Acura MDX
831,79,Acura NSX
832,79,Acura RDX
833,79,Acura RL
834,79,Acura RLX
835,79,Acura RSX
836,79,Acura SLX
837,79,Acura TL
838,79,Acura TLX
839,79,Acura TSX
1214,79,Acura Vigor
840,79,Acura ZDX
1748,80,Pontiac Bonneville
1752,80,Pontiac Firebird
1701,80,Pontiac Grand AM
1750,80,Pontiac Grand Prix
1642,80,Pontiac Solstice
1728,80,Pontiac Trans Sport
890,80,Pontiac Vibe
1732,81,
1724,81,Rover 200
1563,81,Rover 25
1673,81,Rover 400
1562,81,Rover 45
1727,81,Rover 600
891,81,Rover 75
1546,81,Rover Streetwise
1577,82,
1283,82,Daihatsu Atrai
1246,82,Daihatsu Be-go
1180,82,Daihatsu Boon
1586,82,Daihatsu Coo
1565,82,Daihatsu Copen
1331,82,Daihatsu Cuore
1316,82,Daihatsu Esse
1130,82,Daihatsu Hijet
1400,82,Daihatsu Materia
1578,82,Daihatsu MAX
1021,82,Daihatsu Mira
1151,82,Daihatsu Move
1268,82,Daihatsu Pyzar
1735,82,Daihatsu Rocky
1199,82,Daihatsu Sirion
1355,82,Daihatsu Sonica
1384,82,Daihatsu Storia
1484,82,Daihatsu Tanto
1043,82,Daihatsu Terios
1022,82,Daihatsu YRV
1297,84,AC Ace
1375,84,AC Cobra
1377,84,Asia Rocsta
1483,84,Aston Martin DB9
1619,84,Aston Martin DBS
1620,84,Aston Martin Rapide
1608,84,Aston Martin V8 Vantage
1709,84,Bajaj Qute
1777,84,Brilliance
1338,84,Brilliance H530
1309,84,Brilliance M1
1114,84,Brilliance M2
1092,84,Brilliance V5
1371,84,Changan
1153,84,Changan CS35
1308,84,Changan Eado
1639,84,Changan Raeton
1525,84,Dacia Duster
1156,84,Dacia Logan
1346,84,Dacia Sandero
1319,84,Dadi Shuttle
1759,84,Derways
1179,84,Derways Aurora
1320,84,Derways Cowboy
1363,84,Derways Plutus
1207,84,Derways Shuttle
1146,84,Dongfeng H30 Cross
1299,84,Dongfeng S30
1731,84,Doninvest Kondor
1754,84,DW Hower
1670,84,FAW Admiral
1086,84,FAW Besturn B50
1261,84,FAW Oley
1077,84,FAW V5
1093,84,FAW Vita
1610,84,Foton Gratour
1510,84,Foton Midi
1594,84,Foton Sauvana
1154,84,Foton Tunland
1348,84,GMC
1640,84,GMC Envoy
1288,84,GMC Savana
1520,84,GMC Sierra
1120,84,Hafei Brio
1353,84,Hafei Princip
1264,84,Hafei Simbo
1017,84,Haima 3
1221,84,Haima 7
1272,84,Haima M3
1317,84,Haval H2
1253,84,Haval H6
1354,84,Haval H8
1432,84,Haval H9
1247,84,Hawtai Boliger
1079,84,Huanghai
1218,84,Isuzu Bighorn
1223,84,Isuzu Rodeo
297,84,Iveco Daily
1282,84,JAC Rein
1672,84,JAC S1
1277,84,JAC S5
1295,84,JMC Baodian
1741,84,Lancia Dedra
1500,84,Lancia Delta
1742,84,Lancia Kappa
1296,84,Lancia Lybra
1747,84,Lancia Thema
1625,84,Lancia Thesis
1388,84,Lancia Ypsilon
1597,84,Landwind X6
1244,84,Luxgen 7 SUV
1391,84,Maserati Ghibli
1778,84,Mercury
1581,84,Mercury Cougar
1783,84,Mercury Grand Marquis
1511,84,Mercury Mariner
1649,84,MG
1580,84,MG ZT
1358,84,Morris Marina
1751,84,Oldsmobile Aurora
1784,84,Plymouth Laser
1588,84,Plymouth Neon
1344,84,Ronart
1782,84,Saturn ION
1166,84,Saturn VUE
1337,84,Scion tC
1251,84,Scion xA
1357,84,Scion xB
1431,84,Scion xD
1366,84,Shuanghuan
1342,84,Shuanghuan Sceo
1332,84,Spyker
1607,84,Tata
1710,84,Tesla
1383,84,Tesla Model X
1356,84,Tianma
1294,84,Tianma Century
1145,84,Tianye Admiral
1368,84,Trabant 1.1
1304,84,ZOTYE T600
1303,84,ZOTYE Z300
1339,84,ZX Admiral
1219,84,ZX GrandTiger
1144,84,ZX Landmark
1722,84,ВИС
1105,84,Другая марка
1715,84,ЗИЛ 110
1703,84,ЗИЛ 4104
1733,84,ЗИЛ 4105
1721,84,ИЖ
1679,84,ЛуАЗ 
1173,84,Прочие авто Иномарки
1112,84,Прочие авто Россия и СНГ
1738,84,СМЗ С-3Д
1740,85,
1138,85,Vortex Corda
265,85,Vortex Estina
255,85,Vortex Tingo
1716,85,ТагАЗ Aquila
1711,85,ТагАЗ C10
1737,85,ТагАЗ Road Partner
1712,85,ТагАЗ Tager
1723,85,ТагАЗ Vega
1707,85,ТагАЗ С190
1776,85,ТагАЗ С30
1695,86,
1704,86,ЗАЗ 1103
1690,86,ЗАЗ Chance
1714,86,ЗАЗ Forza
1749,86,ЗАЗ Lanos
1698,86,ЗАЗ Sens
1725,86,ЗАЗ Vida
1691,86,ЗАЗ Запорожец
1705,86,ЗАЗ Таврия
1789,87,
1763,87,ГАЗ 12 ЗИМ
1762,87,ГАЗ 13 Чайка
1760,87,ГАЗ 14 Чайка
1730,87,Газ 21 Волга
1830,87,Газ 24 Волга
1708,87,ГАЗ 69
1771,87,ГАЗ Volga Siber
889,87,ГАЗ Волга
1700,87,ГАЗ М1
1713,87,ГАЗ Победа
1787,88,
1792,88,Ravon Gentra
1785,88,Ravon Matiz
1794,88,Ravon Nexia
1795,88,Ravon Nexia R3
1796,88,Ravon R2
1797,88,Ravon R4
1800,89,Москвич 2136
1801,89,Москвич 2137
1802,89,Москвич 2138
1803,89,Москвич 2140
1804,89,Москвич 2141
1805,89,Москвич 2142
1806,89,Москвич 400
1807,89,Москвич 401
1808,89,Москвич 402
1809,89,Москвич 403
1810,89,Москвич 407
1811,89,Москвич 408
1813,89,Москвич 410
1814,89,Москвич 411
1815,89,Москвич 412
1817,89,Москвич 423
1818,89,Москвич 424
1819,89,Москвич 426
1820,89,Москвич 427
1821,89,Москвич Дуэт
1822,89,Москвич Иван Калита
1823,89,Москвич Князь Владимир
1824,89,Москвич Святогор
1825,89,Москвич Юрий Долгорукий
